beta,delta_beta
1.0802240389463293,0.003080733863445521
3.283216983379196,1.8513669559279382
